Index,Title , Link , $ Price , Picture Info , Qualification ,
1,"Spardar Organizador de Cables, Estuche Organizador  ", https://www.amazon.com.mx/sspa/click?ie=UTF8&spc=MTo4NjkwNTk0MDM1MzkyNDY6MTY5MDkwNjI3NjpzcF9idGY6MjAwMDgwNDY1OTk5Mzk4OjowOjo&url=%2FGOMITA-Impermeable-Organizador-Accesorios-Electr%25C3%25B3nicos%2Fdp%2FB09RZMJGZZ%2Fref%3Dsr_1_33_sspa%3F__mk_es_MX%3D%25C3%2585M%25C3%2585%25C5%25BD%25C3%2595%25C3%2591%26keywords%3Delectronica%26qid%3D1690906276%26s%3Dcomputers%26sr%3D1-33-spons%26sp_csd%3Dd2lkZ2V0TmFtZT1zcF9idGY%26psc%3D1 ,$199.00," Spardar Organizador de Cables, Estuche Organizador Electr�nico Bolsa de Viaje Universal Accesorios de electr�nica Estuches... ",4.7, 
2, Bolsa de Viaje Universal Accesorios de  , https://www.amazon.com.mx/Spardar-Organizador-Electr%C3%B3nico-electr%C3%B3nica-Auriculares/dp/B095396RMR/ref=sr_1_1?__mk_es_MX=%C3%85M%C3%85%C5%BD%C3%95%C3%91&keywords=electronica&qid=1690906276&s=computers&sr=1-1 ,$219.99," FYY Organizador electr�nico, organizador de cables de viaje, bolsa de accesorios electr�nicos, funda de transporte, port�t... ",4.4, 
3," Estuches para Cables, Cargadores, Auriculares, Mouse, Power Bank, Tarjeta SD (Negro) ", https://www.amazon.com.mx/FYY-Organizador-electr%C3%B3nico-electr%C3%B3nicos-almacenamiento/dp/B09536DM8J/ref=sr_1_2?__mk_es_MX=%C3%85M%C3%85%C5%BD%C3%95%C3%91&keywords=electronica&qid=1690906276&s=computers&sr=1-2 ,$144.32,  ,5, 
4,FYY Organizador  , https://www.amazon.com.mx/Organizador-Electr%C3%B3nicos-Accesorios-Auriculares-Cargadores/dp/B0C287X2QC/ref=sr_1_3?__mk_es_MX=%C3%85M%C3%85%C5%BD%C3%95%C3%91&keywords=electronica&qid=1690906276&s=computers&sr=1-3 ,$289.00," Organizador Port�til Electr�nicos, Estuche para Cables Bolsa para Accesorios Electr�nicos Organizador de Cables para Viaje... ",4.1, 
5,", organizador de cables de viaje, bolsa de accesorios  ", https://www.amazon.com.mx/Electronics-Organizador-impermeable-electr%C3%B3nicos-almacenamiento/dp/B07PTP17LK/ref=sr_1_4?__mk_es_MX=%C3%85M%C3%85%C5%BD%C3%95%C3%91&keywords=electronica&qid=1690906276&s=computers&sr=1-4 ,$189.00," Organizador de Cables, Estuche Organizador Portatil de Viaje, Bolsa Accesorios Electr�nicos Impermeable para Cables, Carga... ",4.7, 
6,", funda de transporte, port�til, impermeable, doble capa, bolsa de almacenamiento todo en uno, para cables, cargador, tel�fono, auriculares, azul marino ", https://www.amazon.com.mx/Organizador-Portatil-Accesorios-Electr%C3%B3nicos-Impermeable/dp/B0C48WLJ4K/ref=sr_1_5?__mk_es_MX=%C3%85M%C3%85%C5%BD%C3%95%C3%91&keywords=electronica&qid=1690906276&s=computers&sr=1-5 ,$427.99," Organizador de Cables, Estuche Organizador Portatil de Viaje, Bolsa Accesorios Electr�nicos Impermeable para Cables, Carga... ",4.1, 
7,Organizador Port�til  , https://www.amazon.com.mx/SUHOMMY-Organizador-Accesorios-Electr%C3%B3nicos-Impermeable/dp/B096SBV42G/ref=sr_1_6?__mk_es_MX=%C3%85M%C3%85%C5%BD%C3%95%C3%91&keywords=electronica&qid=1690906276&s=computers&sr=1-6 ,$189.00," Matein Electronics Organizador de viaje, estuche impermeable para accesorios electr�nicos, bolsa de almacenamiento de cabl... ",4.6, 
8,", Estuche para Cables Bolsa para Accesorios  ", https://www.amazon.com.mx/Organizador-Electr%C3%B3nicos-Almacenamiento-Accesorios-Auriculares/dp/B0B5L8MLKL/ref=sr_1_7?__mk_es_MX=%C3%85M%C3%85%C5%BD%C3%95%C3%91&keywords=electronica&qid=1690906276&s=computers&sr=1-7 ,$199.00,  ,4.6, 
9," Organizador de Cables para Viaje para Discos Duros, Cables USB, Auriculares, Cargadores, Tarjeta SD (Negro) ", https://www.amazon.com.mx/Unidades-R%C3%A1pida-Trenzado-Compatible-Samsung/dp/B0C1RLKFSM/ref=sr_1_8?__mk_es_MX=%C3%85M%C3%85%C5%BD%C3%95%C3%91&keywords=electronica&qid=1690906276&s=computers&sr=1-8 ,$209.00," Organizador de Cables, Estuche Organizador Portatil de Viaje, Bolsa Accesorios Electr�nicos Impermeable para Cables, Carga... ",4.8, 
10,"Matein Electronics Organizador de viaje, estuche impermeable para accesorios  ", https://www.amazon.com.mx/Guardar-Accesorios-Electr%C3%B3nicos-Organizador-Auriculares/dp/B0BH355LZM/ref=sr_1_9?__mk_es_MX=%C3%85M%C3%85%C5%BD%C3%95%C3%91&keywords=electronica&qid=1690906276&s=computers&sr=1-9 ,$299.99," SUHOMMY Organizador Port�til, Bolsa de Doble Capa para Accesorios Electr�nicos, para Viajes, Impermeable, para Cable, Carg... ",4.6, 
11,", bolsa de almacenamiento de cable de doble capa port�til para cable, cargador, unidad flash, tel�fono, Ipad Mini, tarjeta SD, regalos para �l, negro ", https://www.amazon.com.mx/GOMITA-Impermeable-Organizador-Accesorios-Electr%C3%B3nicos/dp/B09RZMJGZZ/ref=sr_1_10?__mk_es_MX=%C3%85M%C3%85%C5%BD%C3%95%C3%91&keywords=electronica&qid=1690906276&s=computers&sr=1-10 ,$499.99," MOYAC Organizador Port�til para Electr�nicos 21 * 12.5 * 6.5 cm (Grande), Bolsa de Almacenamiento Port�til Doble Capa, Bol... ",4.6, 
12,"Organizador de Cables, Estuche Organizador Portatil de Viaje, Bolsa Accesorios  ", https://www.amazon.com.mx/Organizador-Port%C3%A1til-Electr%C3%B3nicos-Impermeable-Cargador/dp/B0BVWP45GR/ref=sr_1_11?__mk_es_MX=%C3%85M%C3%85%C5%BD%C3%95%C3%91&keywords=electronica&qid=1690906276&s=computers&sr=1-11 ,$239.99," 2 Unidades 1M Cable USB C de Carga R�pida 90 Grados, Cable Tipo C 3.1A Nylon Trenzado Compatible con Samsung Flip/Fold z3 ... ",5, 
13," Impermeable para Cables, Cargador, Tel�fono, USB, Tarjeta SD(Gris) ", https://www.amazon.com.mx/Organizador-Impermeable-Multifuncional-Accesorios-Electr%C3%B3nicos/dp/B0BXKZV8TG/ref=sr_1_12?__mk_es_MX=%C3%85M%C3%85%C5%BD%C3%95%C3%91&keywords=electronica&qid=1690906276&s=computers&sr=1-12 ,$228.99," Bolsa para Guardar Accesorios Electr�nicos, Organizador de Cables de Datos, Organizador de Cables, Bolsa para Cables, Orga... ",5, 
14,"SUHOMMY Organizador Port�til, Bolsa de Doble Capa para Accesorios  ", https://www.amazon.com.mx/sspa/click?ie=UTF8&spc=MTo4NjkwNTk0MDM1MzkyNDY6MTY5MDkwNjI3NjpzcF9tdGY6MjAwMTIzOTM4NjQ5MTk4OjowOjo&url=%2FKit-Plus-TresD-Compatible-arduino%2Fdp%2FB086HDB1NQ%2Fref%3Dsr_1_13_sspa%3F__mk_es_MX%3D%25C3%2585M%25C3%2585%25C5%25BD%25C3%2595%25C3%2591%26keywords%3Delectronica%26qid%3D1690906276%26s%3Dcomputers%26sr%3D1-13-spons%26sp_csd%3Dd2lkZ2V0TmFtZT1zcF9tdGY%26psc%3D1 ,$248.99," GOMITA 3 Capas Organizador Port�til,Bolsa para Accesorios Electr�nicos,Impermeable Organizador de Cables Port�til para 10.... ",4.6, 
15,", para Viajes, Impermeable, para Cable, Cargador, Tel�fono, USB, Tarjeta SD (Negro) ", https://www.amazon.com.mx/sspa/click?ie=UTF8&spc=MTo4NjkwNTk0MDM1MzkyNDY6MTY5MDkwNjI3NjpzcF9tdGY6MzAwMDE2NDE5NzY0NDAyOjowOjo&url=%2Finteractiva-Pulgadas-electr%25C3%25B3nica-integrada-Conferencia%2Fdp%2FB0C6M7NX9N%2Fref%3Dsr_1_14_sspa%3F__mk_es_MX%3D%25C3%2585M%25C3%2585%25C5%25BD%25C3%2595%25C3%2591%26keywords%3Delectronica%26qid%3D1690906276%26s%3Dcomputers%26sr%3D1-14-spons%26sp_csd%3Dd2lkZ2V0TmFtZT1zcF9tdGY%26psc%3D1 ,$198.99," Organizador Port�til para Electr�nicos,3 Capas Organizador Port�til,Impermeable Organizador de Cables Port�til para 10.7"" ... ",1, 
16,MOYAC Organizador Port�til para  , https://www.amazon.com.mx/sspa/click?ie=UTF8&spc=MTo4NjkwNTk0MDM1MzkyNDY6MTY5MDkwNjI3NjpzcF9tdGY6MzAwMDE2NDcyMTAyMTAyOjowOjo&url=%2FInteligente-interactiva-Electr%25C3%25B3nica-visualizaci%25C3%25B3n-publicitaria%2Fdp%2FB0C6M49RK7%2Fref%3Dsr_1_15_sspa%3F__mk_es_MX%3D%25C3%2585M%25C3%2585%25C5%25BD%25C3%2595%25C3%2591%26keywords%3Delectronica%26qid%3D1690906276%26s%3Dcomputers%26sr%3D1-15-spons%26sp_csd%3Dd2lkZ2V0TmFtZT1zcF9tdGY%26psc%3D1 ,$199.00," Organizador Port�til, Organizador de Cables Impermeable, Bolsa de Viaje Multifuncional para Accesorios Electr�nicos para D... ",4.7, 
17," 21 * 12.5 * 6.5 cm (Grande), Bolsa de Almacenamiento Port�til Doble Capa, Bolsa de Accesorios  ", https://www.amazon.com.mx/BAKEWAY-Capacitivo-Capacitiva-Dispositivos-Electr%C3%B3nicos/dp/B0C5X3J1CC/ref=sr_1_16?__mk_es_MX=%C3%85M%C3%85%C5%BD%C3%95%C3%91&keywords=electronica&qid=1690906276&s=computers&sr=1-16 ,$859.00," Anuncio patrocinado: Kit 1-Pro TresD Compatible con lenguaje arduino-IDE y Raspberry, Incluye guia de Inicio ",3.9, 
18,", para Cables, Auriculares, Tel�fonos (Negro) ", https://www.amazon.com.mx/TECHVIDA-Organizador-Electr%C3%B3nicos-Organizadora-Impermeable/dp/B0BVV5VHJK/ref=sr_1_17?__mk_es_MX=%C3%85M%C3%85%C5%BD%C3%95%C3%91&keywords=electronica&qid=1690906276&s=computers&sr=1-17 ,"$51,388.00"," Anuncio patrocinado: Smart Board, Pizarra interactiva Todo en uno de 65 Pulgadas con Panel Plano de Pantalla t�ctil 4K UH... ",4.7, 
19,"2 Unidades 1M Cable USB C de Carga R�pida 90 Grados, Cable Tipo C 3.1A Nylon Trenzado Compatible con Samsung Flip/Fold z3 S10 S9 S8 S20 S21 S22 S23 Note 20/10 A54/A53/A52/A33, Pixel and Tipo C Dev ", https://www.amazon.com.mx/gp/goldbox/ ,"$31,176.00",  ,4.4, 
20,Bolsa para Guardar Accesorios  , https://www.amazon.com.mx/UGREEN-Organizador-Compartimentos-Accesorios-Electr%C3%B3nicos/dp/B07479LGLT/ref=sr_1_19?__mk_es_MX=%C3%85M%C3%85%C5%BD%C3%95%C3%91&keywords=electronica&qid=1690906276&s=computers&sr=1-19 ,$199.00," Anuncio patrocinado: Pizarra Inteligente, Pizarra interactiva de 43 Pulgadas, Pizarra Electr�nica, duplicaci�n de Pantalla... ",4.4, 
21,", Organizador de Cables de Datos, Organizador de Cables, Bolsa para Cables, Organizador de Viaje, Organizador de Cables de Auriculares, Organizador de Cables USB ", https://www.amazon.com.mx/Organizador-electr%C3%B3nico-organizador-organizadora-electr%C3%B3nicos/dp/B08YZ633BY/ref=sr_1_20?__mk_es_MX=%C3%85M%C3%85%C5%BD%C3%95%C3%91&keywords=electronica&qid=1690906276&s=computers&sr=1-20 ,$228.99,  ,4.2, 
22,"GOMITA 3 Capas Organizador Port�til,Bolsa para Accesorios  ", https://www.amazon.com.mx/Luxtude-Organizador-electr%C3%B3nico-organizador-electr%C3%B3nicos/dp/B0BFQKRZ1L/ref=sr_1_21?__mk_es_MX=%C3%85M%C3%85%C5%BD%C3%95%C3%91&keywords=electronica&qid=1690906276&s=computers&sr=1-21 ,$199.00," BAKEWAY Stylus Pen Universal, 2 en 1 L�piz Stylus Capacitivo, Capacitiva L�piz Ultra Fina Punta, Pencil para iPad Apple Hu... ",4.5, 
23,",Impermeable Organizador de Cables Port�til para 10.7"" iPad,Cargador,Cable,Tel�fono,Disco Duro,Tarjeta SD ect(11.02""*8.27""*3.54"") ", https://www.amazon.com.mx/Assurant-Electr%C3%B3nica-port%C3%A1til-Seguro-accidentales/dp/B07X63YZJG/ref=sr_1_22?__mk_es_MX=%C3%85M%C3%85%C5%BD%C3%95%C3%91&keywords=electronica&qid=1690906276&s=computers&sr=1-22 ,$224.10," TECHVIDA Organizador Port�til para Electr�nicos, Bolsa de Doble Capa para Accesorios Electr�nicos, Bolsa Organizadora de C... ",4.8, 
